category,total_revenue,total_profit,profit_margin_pct,units_sold
Electronics,1366509736.48,308320118.58,22.56259947142444,87826
Home & Kitchen,478890704.02,107084291.68,22.360904227434705,89193
Sports,409672649.57,96392971.69,23.529267035809163,107576
Beauty,328931810.71,79502663.63,24.16995287211454,103031
Clothing,247163351.27,63204310.26,25.571877843230865,101865
Books,146256771.97,39011173.54,26.673071622284898,92525
