discount_range,avg_discount_pct,total_quantity_sold,total_revenue,avg_line_total
1-10%,6.783171496496118,225616,1153113308.42,11133.338885810008
11-25%,13.463651303908565,210413,1008008980.93,10309.791974491674
0%,0.0,145987,816302734.67,12104.851039059256
