payment_method,transaction_count,total_revenue,pct_of_transactions,pct_of_revenue
Cash on Delivery,6841,595381623.76,19.867568901925477,19.996527837202752
Credit Card,6845,600209674.31,19.879185664914473,20.158683072382487
Debit Card,6960,615260468.8,20.213167600848024,20.66418008300676
Net Banking,6857,596179328.69,19.914035953881452,20.023319609407412
UPI,6930,570393928.46,20.126041878430577,19.15728939800059
