day_name,avg_daily_revenue,avg_daily_transactions,total_revenue
Tuesday,8632150.015,111.34615384615384,448871800.78
Monday,8584846.782692308,110.32692307692308,446412032.7
Friday,8317015.721153846,108.71153846153847,432484817.5
Thursday,8158315.1161538465,108.01923076923077,424232386.04
Sunday,7976608.643584906,109.83018867924528,422760258.11
Wednesday,7794022.817115384,107.59615384615384,405289186.49
Saturday,7641818.123076923,110.09615384615384,397374542.4
